Family ID,final_score,recommendation
FAM001,77.0242333714085,"Monitor spending, increase emergency fund, optimize loan repayments, and start investing."
FAM002,83.73097865087907,"Optimize investments, maintain financial discipline, maximize tax efficiency, and consider philanthropy."
FAM003,81.75942063825951,"Optimize investments, maintain financial discipline, maximize tax efficiency, and consider philanthropy."
FAM004,80.34226233529357,"Optimize investments, maintain financial discipline, maximize tax efficiency, and consider philanthropy."
FAM005,75.55230049141751,"Monitor spending, increase emergency fund, optimize loan repayments, and start investing."
FAM006,84.70468775161842,"Optimize investments, maintain financial discipline, maximize tax efficiency, and consider philanthropy."
FAM007,91.62984532006405,"Optimize investments, maintain financial discipline, maximize tax efficiency, and consider philanthropy."
FAM008,74.96167243057425,"Monitor spending, increase emergency fund, optimize loan repayments, and start investing."
FAM009,78.54645143444243,"Monitor spending, increase emergency fund, optimize loan repayments, and start investing."
FAM010,80.57118846986234,"Optimize investments, maintain financial discipline, maximize tax efficiency, and consider philanthropy."
FAM011,77.84365606254633,"Monitor spending, increase emergency fund, optimize loan repayments, and start investing."
FAM012,74.82167925716087,"Monitor spending, increase emergency fund, optimize loan repayments, and start investing."
FAM013,75.56637312081884,"Monitor spending, increase emergency fund, optimize loan repayments, and start investing."
FAM014,77.93645178455293,"Monitor spending, increase emergency fund, optimize loan repayments, and start investing."
FAM015,88.20779079598987,"Optimize investments, maintain financial discipline, maximize tax efficiency, and consider philanthropy."
FAM016,76.46470478691212,"Monitor spending, increase emergency fund, optimize loan repayments, and start investing."
FAM017,83.41642399943728,"Optimize investments, maintain financial discipline, maximize tax efficiency, and consider philanthropy."
FAM018,75.40223077083898,"Monitor spending, increase emergency fund, optimize loan repayments, and start investing."
FAM019,79.3030231529273,"Monitor spending, increase emergency fund, optimize loan repayments, and start investing."
FAM020,80.7435903500473,"Optimize investments, maintain financial discipline, maximize tax efficiency, and consider philanthropy."
FAM021,73.28362343795284,"Monitor spending, increase emergency fund, optimize loan repayments, and start investing."
FAM022,84.25282254731795,"Optimize investments, maintain financial discipline, maximize tax efficiency, and consider philanthropy."
FAM023,78.35073724243274,"Monitor spending, increase emergency fund, optimize loan repayments, and start investing."
FAM024,74.41505045589356,"Monitor spending, increase emergency fund, optimize loan repayments, and start investing."
FAM025,95.30711426693863,"Optimize investments, maintain financial discipline, maximize tax efficiency, and consider philanthropy."
FAM026,77.8353041144038,"Monitor spending, increase emergency fund, optimize loan repayments, and start investing."
FAM027,86.4418500945382,"Optimize investments, maintain financial discipline, maximize tax efficiency, and consider philanthropy."
FAM028,71.10718611223254,"Monitor spending, increase emergency fund, optimize loan repayments, and start investing."
FAM029,74.19732011852155,"Monitor spending, increase emergency fund, optimize loan repayments, and start investing."
FAM030,79.4999327449887,"Monitor spending, increase emergency fund, optimize loan repayments, and start investing."
FAM031,79.23674600201133,"Monitor spending, increase emergency fund, optimize loan repayments, and start investing."
FAM032,80.656805158436,"Optimize investments, maintain financial discipline, maximize tax efficiency, and consider philanthropy."
FAM033,73.62810350975498,"Monitor spending, increase emergency fund, optimize loan repayments, and start investing."
FAM034,75.56091496208286,"Monitor spending, increase emergency fund, optimize loan repayments, and start investing."
FAM035,78.68558319967175,"Monitor spending, increase emergency fund, optimize loan repayments, and start investing."
FAM036,71.11585823261491,"Monitor spending, increase emergency fund, optimize loan repayments, and start investing."
FAM037,77.95569206351539,"Monitor spending, increase emergency fund, optimize loan repayments, and start investing."
FAM038,82.4813602890093,"Optimize investments, maintain financial discipline, maximize tax efficiency, and consider philanthropy."
FAM039,93.51346471751322,"Optimize investments, maintain financial discipline, maximize tax efficiency, and consider philanthropy."
FAM040,73.49902671136586,"Monitor spending, increase emergency fund, optimize loan repayments, and start investing."
FAM041,80.75339183011356,"Optimize investments, maintain financial discipline, maximize tax efficiency, and consider philanthropy."
FAM042,77.46717870748031,"Monitor spending, increase emergency fund, optimize loan repayments, and start investing."
FAM043,73.08687801425444,"Monitor spending, increase emergency fund, optimize loan repayments, and start investing."
FAM044,82.18887952032978,"Optimize investments, maintain financial discipline, maximize tax efficiency, and consider philanthropy."
FAM045,83.25526629757228,"Optimize investments, maintain financial discipline, maximize tax efficiency, and consider philanthropy."
FAM046,83.42541063820178,"Optimize investments, maintain financial discipline, maximize tax efficiency, and consider philanthropy."
FAM047,78.93350800928958,"Monitor spending, increase emergency fund, optimize loan repayments, and start investing."
FAM048,74.77450060974563,"Monitor spending, increase emergency fund, optimize loan repayments, and start investing."
FAM049,76.01118764991696,"Monitor spending, increase emergency fund, optimize loan repayments, and start investing."
FAM050,86.38552886709611,"Optimize investments, maintain financial discipline, maximize tax efficiency, and consider philanthropy."
FAM051,86.34442344916582,"Optimize investments, maintain financial discipline, maximize tax efficiency, and consider philanthropy."
FAM052,83.04220988708607,"Optimize investments, maintain financial discipline, maximize tax efficiency, and consider philanthropy."
FAM053,80.49413198491172,"Optimize investments, maintain financial discipline, maximize tax efficiency, and consider philanthropy."
FAM054,90.36434061299092,"Optimize investments, maintain financial discipline, maximize tax efficiency, and consider philanthropy."
FAM055,87.2645827307718,"Optimize investments, maintain financial discipline, maximize tax efficiency, and consider philanthropy."
FAM056,76.61463262499822,"Monitor spending, increase emergency fund, optimize loan repayments, and start investing."
FAM057,90.14769185690312,"Optimize investments, maintain financial discipline, maximize tax efficiency, and consider philanthropy."
FAM058,77.07029638036593,"Monitor spending, increase emergency fund, optimize loan repayments, and start investing."
FAM059,81.23900357192561,"Optimize investments, maintain financial discipline, maximize tax efficiency, and consider philanthropy."
FAM060,80.24072434844726,"Optimize investments, maintain financial discipline, maximize tax efficiency, and consider philanthropy."
FAM061,98.36730634542654,"Optimize investments, maintain financial discipline, maximize tax efficiency, and consider philanthropy."
FAM062,78.05768860378681,"Monitor spending, increase emergency fund, optimize loan repayments, and start investing."
FAM063,77.46711817063303,"Monitor spending, increase emergency fund, optimize loan repayments, and start investing."
FAM064,80.744052889793,"Optimize investments, maintain financial discipline, maximize tax efficiency, and consider philanthropy."
FAM065,86.54900347274649,"Optimize investments, maintain financial discipline, maximize tax efficiency, and consider philanthropy."
FAM066,72.99465552973686,"Monitor spending, increase emergency fund, optimize loan repayments, and start investing."
FAM067,76.82585300535608,"Monitor spending, increase emergency fund, optimize loan repayments, and start investing."
FAM068,77.91756694705785,"Monitor spending, increase emergency fund, optimize loan repayments, and start investing."
FAM069,78.0368728718196,"Monitor spending, increase emergency fund, optimize loan repayments, and start investing."
FAM070,78.75620174319269,"Monitor spending, increase emergency fund, optimize loan repayments, and start investing."
FAM071,77.79907025988237,"Monitor spending, increase emergency fund, optimize loan repayments, and start investing."
FAM072,80.47280093634646,"Optimize investments, maintain financial discipline, maximize tax efficiency, and consider philanthropy."
FAM073,77.76445018040903,"Monitor spending, increase emergency fund, optimize loan repayments, and start investing."
FAM074,72.6660603728707,"Monitor spending, increase emergency fund, optimize loan repayments, and start investing."
FAM075,83.98023255813953,"Optimize investments, maintain financial discipline, maximize tax efficiency, and consider philanthropy."
FAM076,75.62397562314288,"Monitor spending, increase emergency fund, optimize loan repayments, and start investing."
FAM077,69.38686846729344,"Monitor spending, increase emergency fund, optimize loan repayments, and start investing."
FAM078,77.79237304759336,"Monitor spending, increase emergency fund, optimize loan repayments, and start investing."
FAM079,92.70103282544227,"Optimize investments, maintain financial discipline, maximize tax efficiency, and consider philanthropy."
FAM080,97.81938010331612,"Optimize investments, maintain financial discipline, maximize tax efficiency, and consider philanthropy."
FAM081,76.56510479227047,"Monitor spending, increase emergency fund, optimize loan repayments, and start investing."
FAM082,77.36149387850546,"Monitor spending, increase emergency fund, optimize loan repayments, and start investing."
FAM083,74.08059500331234,"Monitor spending, increase emergency fund, optimize loan repayments, and start investing."
FAM084,76.85847195642573,"Monitor spending, increase emergency fund, optimize loan repayments, and start investing."
FAM085,82.46935093183055,"Optimize investments, maintain financial discipline, maximize tax efficiency, and consider philanthropy."
FAM086,73.95161004306584,"Monitor spending, increase emergency fund, optimize loan repayments, and start investing."
FAM087,83.24135378106823,"Optimize investments, maintain financial discipline, maximize tax efficiency, and consider philanthropy."
FAM088,80.07310947196858,"Optimize investments, maintain financial discipline, maximize tax efficiency, and consider philanthropy."
FAM089,77.50426014154218,"Monitor spending, increase emergency fund, optimize loan repayments, and start investing."
FAM090,82.52878726324852,"Optimize investments, maintain financial discipline, maximize tax efficiency, and consider philanthropy."
FAM091,85.47647590089412,"Optimize investments, maintain financial discipline, maximize tax efficiency, and consider philanthropy."
FAM092,74.17447695937561,"Monitor spending, increase emergency fund, optimize loan repayments, and start investing."
FAM093,85.33683374514649,"Optimize investments, maintain financial discipline, maximize tax efficiency, and consider philanthropy."
FAM094,71.88717271474506,"Monitor spending, increase emergency fund, optimize loan repayments, and start investing."
FAM095,85.16625888279212,"Optimize investments, maintain financial discipline, maximize tax efficiency, and consider philanthropy."
FAM096,89.76342874958591,"Optimize investments, maintain financial discipline, maximize tax efficiency, and consider philanthropy."
FAM097,79.63429881376904,"Monitor spending, increase emergency fund, optimize loan repayments, and start investing."
FAM098,84.1900895959042,"Optimize investments, maintain financial discipline, maximize tax efficiency, and consider philanthropy."
FAM099,81.14959972154541,"Optimize investments, maintain financial discipline, maximize tax efficiency, and consider philanthropy."
FAM100,76.4806527439516,"Monitor spending, increase emergency fund, optimize loan repayments, and start investing."
FAM101,78.97963319126674,"Monitor spending, increase emergency fund, optimize loan repayments, and start investing."
FAM102,76.13600190182642,"Monitor spending, increase emergency fund, optimize loan repayments, and start investing."
FAM103,75.73772963300527,"Monitor spending, increase emergency fund, optimize loan repayments, and start investing."
FAM104,77.21843499595438,"Monitor spending, increase emergency fund, optimize loan repayments, and start investing."
FAM105,91.03050459881092,"Optimize investments, maintain financial discipline, maximize tax efficiency, and consider philanthropy."
FAM106,75.90850327749453,"Monitor spending, increase emergency fund, optimize loan repayments, and start investing."
FAM107,75.67365557685005,"Monitor spending, increase emergency fund, optimize loan repayments, and start investing."
FAM108,85.8577826095249,"Optimize investments, maintain financial discipline, maximize tax efficiency, and consider philanthropy."
FAM109,79.82969845872556,"Monitor spending, increase emergency fund, optimize loan repayments, and start investing."
FAM110,81.76140895769623,"Optimize investments, maintain financial discipline, maximize tax efficiency, and consider philanthropy."
FAM111,90.02145376648897,"Optimize investments, maintain financial discipline, maximize tax efficiency, and consider philanthropy."
FAM112,72.06684448445345,"Monitor spending, increase emergency fund, optimize loan repayments, and start investing."
FAM113,82.76164766141585,"Optimize investments, maintain financial discipline, maximize tax efficiency, and consider philanthropy."
FAM114,83.83921113689095,"Optimize investments, maintain financial discipline, maximize tax efficiency, and consider philanthropy."
FAM115,89.14047422401097,"Optimize investments, maintain financial discipline, maximize tax efficiency, and consider philanthropy."
FAM116,75.09856962225383,"Monitor spending, increase emergency fund, optimize loan repayments, and start investing."
FAM117,74.6650925972146,"Monitor spending, increase emergency fund, optimize loan repayments, and start investing."
FAM118,76.89834951456312,"Monitor spending, increase emergency fund, optimize loan repayments, and start investing."
FAM119,90.43460916900571,"Optimize investments, maintain financial discipline, maximize tax efficiency, and consider philanthropy."
FAM120,75.35437765695339,"Monitor spending, increase emergency fund, optimize loan repayments, and start investing."
FAM121,71.82149122807019,"Monitor spending, increase emergency fund, optimize loan repayments, and start investing."
FAM122,74.45763059356179,"Monitor spending, increase emergency fund, optimize loan repayments, and start investing."
FAM123,78.05605031215572,"Monitor spending, increase emergency fund, optimize loan repayments, and start investing."
FAM124,79.17359597907539,"Monitor spending, increase emergency fund, optimize loan repayments, and start investing."
FAM125,92.84226514157133,"Optimize investments, maintain financial discipline, maximize tax efficiency, and consider philanthropy."
FAM126,79.76425084553739,"Monitor spending, increase emergency fund, optimize loan repayments, and start investing."
FAM127,75.05037577605925,"Monitor spending, increase emergency fund, optimize loan repayments, and start investing."
FAM128,83.36757263550903,"Optimize investments, maintain financial discipline, maximize tax efficiency, and consider philanthropy."
FAM129,75.82311870009887,"Monitor spending, increase emergency fund, optimize loan repayments, and start investing."
FAM130,78.42716021696778,"Monitor spending, increase emergency fund, optimize loan repayments, and start investing."
FAM131,78.05896029352999,"Monitor spending, increase emergency fund, optimize loan repayments, and start investing."
FAM132,79.93361498164165,"Monitor spending, increase emergency fund, optimize loan repayments, and start investing."
FAM133,75.02550096961862,"Monitor spending, increase emergency fund, optimize loan repayments, and start investing."
FAM134,81.8988500164779,"Optimize investments, maintain financial discipline, maximize tax efficiency, and consider philanthropy."
FAM135,82.91476089948293,"Optimize investments, maintain financial discipline, maximize tax efficiency, and consider philanthropy."
FAM136,76.42234404500628,"Monitor spending, increase emergency fund, optimize loan repayments, and start investing."
FAM137,75.30074758226512,"Monitor spending, increase emergency fund, optimize loan repayments, and start investing."
FAM138,79.07253576090785,"Monitor spending, increase emergency fund, optimize loan repayments, and start investing."
FAM139,80.98269001333428,"Optimize investments, maintain financial discipline, maximize tax efficiency, and consider philanthropy."
FAM140,74.96263111510481,"Monitor spending, increase emergency fund, optimize loan repayments, and start investing."
FAM141,72.0274197862116,"Monitor spending, increase emergency fund, optimize loan repayments, and start investing."
FAM142,81.44847353097472,"Optimize investments, maintain financial discipline, maximize tax efficiency, and consider philanthropy."
FAM143,78.86975175918685,"Monitor spending, increase emergency fund, optimize loan repayments, and start investing."
FAM144,78.41827181978253,"Monitor spending, increase emergency fund, optimize loan repayments, and start investing."
FAM145,81.1586164101127,"Optimize investments, maintain financial discipline, maximize tax efficiency, and consider philanthropy."
FAM146,77.76861953981744,"Monitor spending, increase emergency fund, optimize loan repayments, and start investing."
FAM147,74.15447405205121,"Monitor spending, increase emergency fund, optimize loan repayments, and start investing."
FAM148,84.44477075893774,"Optimize investments, maintain financial discipline, maximize tax efficiency, and consider philanthropy."
FAM149,74.68593590654841,"Monitor spending, increase emergency fund, optimize loan repayments, and start investing."
FAM150,76.93270739736238,"Monitor spending, increase emergency fund, optimize loan repayments, and start investing."
FAM151,77.90902527075812,"Monitor spending, increase emergency fund, optimize loan repayments, and start investing."
FAM152,71.23812153830485,"Monitor spending, increase emergency fund, optimize loan repayments, and start investing."
FAM153,76.54488361540467,"Monitor spending, increase emergency fund, optimize loan repayments, and start investing."
FAM154,72.61100115257742,"Monitor spending, increase emergency fund, optimize loan repayments, and start investing."
FAM155,82.75009156088022,"Optimize investments, maintain financial discipline, maximize tax efficiency, and consider philanthropy."
FAM156,79.08774246580238,"Monitor spending, increase emergency fund, optimize loan repayments, and start investing."
FAM157,76.81402337228715,"Monitor spending, increase emergency fund, optimize loan repayments, and start investing."
FAM158,82.3205965991527,"Optimize investments, maintain financial discipline, maximize tax efficiency, and consider philanthropy."
FAM159,80.67462266131272,"Optimize investments, maintain financial discipline, maximize tax efficiency, and consider philanthropy."
FAM160,84.3283892415762,"Optimize investments, maintain financial discipline, maximize tax efficiency, and consider philanthropy."
FAM161,82.24426229508198,"Optimize investments, maintain financial discipline, maximize tax efficiency, and consider philanthropy."
FAM162,85.23659793148865,"Optimize investments, maintain financial discipline, maximize tax efficiency, and consider philanthropy."
FAM163,86.45115071664453,"Optimize investments, maintain financial discipline, maximize tax efficiency, and consider philanthropy."
FAM164,76.3224351991737,"Monitor spending, increase emergency fund, optimize loan repayments, and start investing."
FAM165,78.03248470821623,"Monitor spending, increase emergency fund, optimize loan repayments, and start investing."
FAM166,79.92399178035069,"Monitor spending, increase emergency fund, optimize loan repayments, and start investing."
FAM167,83.2506859119647,"Optimize investments, maintain financial discipline, maximize tax efficiency, and consider philanthropy."
FAM168,73.06456869232379,"Monitor spending, increase emergency fund, optimize loan repayments, and start investing."
FAM169,94.6405074538454,"Optimize investments, maintain financial discipline, maximize tax efficiency, and consider philanthropy."
FAM170,78.76638188432318,"Monitor spending, increase emergency fund, optimize loan repayments, and start investing."
FAM171,90.62690045299858,"Optimize investments, maintain financial discipline, maximize tax efficiency, and consider philanthropy."
FAM172,79.52238722443187,"Monitor spending, increase emergency fund, optimize loan repayments, and start investing."
FAM173,78.35186208125445,"Monitor spending, increase emergency fund, optimize loan repayments, and start investing."
FAM174,74.73161137161804,"Monitor spending, increase emergency fund, optimize loan repayments, and start investing."
FAM175,70.11498068286268,"Monitor spending, increase emergency fund, optimize loan repayments, and start investing."
FAM176,81.56227263574736,"Optimize investments, maintain financial discipline, maximize tax efficiency, and consider philanthropy."
FAM177,79.14002320321565,"Monitor spending, increase emergency fund, optimize loan repayments, and start investing."
FAM178,82.48763265909847,"Optimize investments, maintain financial discipline, maximize tax efficiency, and consider philanthropy."
FAM179,89.70793717058915,"Optimize investments, maintain financial discipline, maximize tax efficiency, and consider philanthropy."
FAM180,75.33121145812612,"Monitor spending, increase emergency fund, optimize loan repayments, and start investing."
FAM181,72.99275672027893,"Monitor spending, increase emergency fund, optimize loan repayments, and start investing."
FAM182,77.15945200917636,"Monitor spending, increase emergency fund, optimize loan repayments, and start investing."
FAM183,76.27957481280379,"Monitor spending, increase emergency fund, optimize loan repayments, and start investing."
FAM184,78.67273877583887,"Monitor spending, increase emergency fund, optimize loan repayments, and start investing."
FAM185,75.12885009451495,"Monitor spending, increase emergency fund, optimize loan repayments, and start investing."
FAM186,78.9081297799282,"Monitor spending, increase emergency fund, optimize loan repayments, and start investing."
FAM187,75.08154891934929,"Monitor spending, increase emergency fund, optimize loan repayments, and start investing."
FAM188,99.08207423395972,"Optimize investments, maintain financial discipline, maximize tax efficiency, and consider philanthropy."
FAM189,73.71273181947872,"Monitor spending, increase emergency fund, optimize loan repayments, and start investing."
FAM190,75.77604968425112,"Monitor spending, increase emergency fund, optimize loan repayments, and start investing."
FAM191,76.51772115341893,"Monitor spending, increase emergency fund, optimize loan repayments, and start investing."
FAM192,77.50537942071,"Monitor spending, increase emergency fund, optimize loan repayments, and start investing."
FAM193,75.5185243543194,"Monitor spending, increase emergency fund, optimize loan repayments, and start investing."
FAM194,85.00290635535751,"Optimize investments, maintain financial discipline, maximize tax efficiency, and consider philanthropy."
FAM195,76.07557292923944,"Monitor spending, increase emergency fund, optimize loan repayments, and start investing."
FAM196,71.83005600128404,"Monitor spending, increase emergency fund, optimize loan repayments, and start investing."
FAM197,80.69648541773431,"Optimize investments, maintain financial discipline, maximize tax efficiency, and consider philanthropy."
FAM198,73.37524295688172,"Monitor spending, increase emergency fund, optimize loan repayments, and start investing."
FAM199,78.15049041483675,"Monitor spending, increase emergency fund, optimize loan repayments, and start investing."
FAM200,92.97362676766545,"Optimize investments, maintain financial discipline, maximize tax efficiency, and consider philanthropy."
